No.,Name,Type,Address
1,역삼아레나빌딩,일반,"서울특별시 강남구 언주로 425 (역삼동)"
2,논현역사거리,일반,"서울특별시 강남구 강남대로 538 (논현동)"
3,신사역성일빌딩,일반,"서울특별시 강남구 강남대로 584 (논현동)"
4,국기원사거리,일반,"서울특별시 강남구 테헤란로 125 (역삼동)"
5,대치재경빌딩,일반,"서울특별시 강남구 남부순환로 2947 (대치동)"
6,봉은사역,일반,"서울특별시 강남구 봉은사로 619 (삼성동)"
7,압구정윤성빌딩,일반,"서울특별시 강남구 논현로 834 (신사동)"
8,코엑스별마당,일반,"서울특별시 강남구 영동대로 513 (삼성동)"
9,삼성역섬유센터R,R,"서울특별시 강남구 테헤란로 518 (대치동)"
10,압구정R,R,"서울특별시 강남구 언주로 861 (신사동)"
11,수서역R,R,"서울특별시 강남구 광평로 281 (수서동)"
12,양재강남빌딩R,R,"서울특별시 강남구 남부순환로 2621 (도곡동)"
13,선릉동신빌딩R,R,"서울특별시 강남구 테헤란로 409 (삼성동)"
14,봉은사로선정릉,일반,"서울특별시 강남구 봉은사로 446 (삼성동)"
15,강남오거리,일반,"서울특별시 강남구 봉은사로2길 39 (역삼동)"
16,스타필드코엑스몰R,R,"서울특별시 강남구 영동대로 513 (삼성동) 코엑스 A106호"
17,강남구청정문,일반,"서울특별시 강남구 학동로 419 (청담동)"
18,도곡공원,일반,"서울특별시 강남구 도곡로 205 (역삼동)"
19,강남R,R,"서울특별시 강남구 강남대로 390 (역삼동)"
20,대치은마사거리,일반,"서울특별시 강남구 도곡로 457 (대치동)"
21,청담영동대로,일반,"서울특별시 강남구 영동대로 720 (청담동)"
22,압구정,일반,"서울특별시 강남구 압구정로30길 17 (신사동)"
23,신사가로수,일반,"서울특별시 강남구 가로수길 59"
24,청담스타R,R,"서울특별시 강남구 도산대로57길 24 (청담동)"
25,강남우성,일반,"서울특별시 강남구 강남대로 328 (역삼동)"
26,학동사거리,일반,"서울특별시 강남구 도산대로 328 (논현동)"
27,대치사거리,일반,"서울특별시 강남구 삼성로 402 (대치동)"
28,포스코사거리,일반,"서울특별시 강남구 테헤란로 505 (삼성동) 화진빌딩"
29,을지병원사거리,일반,"서울특별시 강남구 논현로 752 (논현동,구산빌딩)"
30,신사역,일반,"서울특별시 강남구 도산대로 108 (논현동) 렉스타워"
31,도곡역,일반,"서울특별시 강남구 남부순환로 2909 (대치동)"
32,서울세관사거리,일반,"서울특별시 강남구 언주로 650 (논현동) 한국건설기술인협회"
33,청담사거리,일반,"서울특별시 강남구 도산대로 458 (청담동) 리츠타워"
34,한티역,일반,"서울특별시 강남구 도곡로 408, 디마크빌딩 101호 (대치동)"
35,역삼초교사거리,일반,"서울특별시 강남구 역삼로 123 (역삼동)"
36,코엑스몰,일반,"서울특별시 강남구 영동대로 513 (삼성동) O103호"
37,가로수길,일반,"서울특별시 강남구 논현로175길 94, 1~2층 (신사동)"
38,역삼대로,일반,"서울특별시 강남구 테헤란로 211, 한국고등교육재단빌딩 1층 (역삼동)"
39,역삼포스코,일반,"서울특별시 강남구 테헤란로 134, P&S TOWER (역삼동)"
40,강남대로,일반,"서울특별시 강남구 강남대로 456, 한석타워 2층 1-2호 (역삼동)"
41,청담,일반,"서울특별시 강남구 도산대로 532, 인희빌딩 1층 (청담동)"
42,삼성도심공항,일반,"서울특별시 강남구 테헤란로87길 33 (삼성동)"
43,삼성교,일반,"서울특별시 강남구 영동대로86길 12, 동남유화빌딩 1층"
44,학동역,일반,"서울특별시 강남구 논현로 704 (논현동)"
45,대치,일반,"서울특별시 강남구 도곡로 511 (대치동)"
46,신세계푸드마켓도곡,일반,"서울특별시 강남구 언주로30길 57, 타워팰리스Ⅱ F 지하1층 (도곡동)"
47,삼성,일반,"서울특별시 강남구 테헤란로 443, 애플트리타워 1층 (삼성동)"
48,선릉세화빌딩,일반,"서울특별시 강남구 테헤란로64길 18 (대치동) 1층"
49,압구정역,일반,"서울특별시 강남구 압구정로 170, 관영빌딩 1층 지하1층 (신사동)"
50,압구정로,일반,"서울특별시 강남구 압구정로42길 32 (신사동)"
51,구역삼사거리,일반,"서울특별시 강남구 논현로 401 (역삼동)"
52,큰길타워,일반,"서울특별시 강남구 테헤란로 223, 큰길타워빌딩 (역삼동)"
53,강남구청역,일반,"서울특별시 강남구 선릉로 669, 웰빙센터 1층 (논현동)"
54,대치역,일반,"서울특별시 강남구 남부순환로 2936 (대치동) 107호"
55,포이,일반,"서울특별시 강남구 논현로 88 (개포동)"
56,아크플레이스,일반,"서울특별시 강남구 테헤란로 142 (역삼동)"
57,학여울역,일반,"서울특별시 강남구 영동대로 215 (대치동)"
58,선정릉역,일반,"서울특별시 강남구 봉은사로 407 (삼성동) 에프오빌딩"
59,삼성현대힐,일반,"서울특별시 강남구 삼성로 605 (삼성동)"
60,GS타워,일반,"서울특별시 강남구 논현로 508 (역삼동)"
61,압구정미소,일반,"서울특별시 강남구 논현로 841 (신사동)"
62,선릉역,일반,"서울특별시 강남구 테헤란로 334, LG화재 빌딩 (역삼동)"
63,코엑스사거리,일반,"서울특별시 강남구 영동대로 616 (삼성동)"
64,역삼럭키,일반,"서울특별시 강남구 도곡로 183 (역삼동)"
65,신압구정,일반,"서울특별시 강남구 언주로174길 29 (신사동)"
66,아크로힐스논현,일반,"서울특별시 강남구 봉은사로 304, 금강빌딩 1-2층 (역삼동)"
67,강남비젼타워,일반,"서울특별시 강남구 테헤란로2길 27, 1층 101호 (역삼동)"
68,압구정로데오역,일반,"서울특별시 강남구 선릉로 836, 삼원빌딩 1,2층 (청담동)"
69,르네상스사거리,일반,"서울특별시 강남구 테헤란로 306 (역삼동)"
70,포스코,일반,"서울특별시 강남구 삼성로86길 7, 1층 (대치동)"
71,선릉로,일반,"서울특별시 강남구 선릉로93길 22, 대흥빌딩 1층 (역삼동)"
72,논현힐탑,일반,"서울특별시 강남구 논현로 648 (논현동)"
73,도산가로수길,일반,"서울특별시 강남구 도산대로 134, 2층 (논현동)"
74,매봉역,일반,"서울특별시 강남구 남부순환로 2736 (도곡동)"
75,대치한티,일반,"서울특별시 강남구 선릉로 324 (대치동)"
76,개포동,일반,"서울특별시 강남구 선릉로 34 (개포동)"
77,수서역사거리,일반,"서울특별시 강남구 광평로 280 (수서동)"
78,코엑스아셈타워,일반,"서울특별시 강남구 영동대로 517 (삼성동)"
79,센터필드R,R,"서울특별시 강남구 테헤란로 231 (역삼동)"
80,도산사거리,일반,"서울특별시 강남구 언주로 727 (논현동)"
81,강남세곡,일반,"서울특별시 강남구 헌릉로569길 18 (세곡동)"
82,대치삼성,일반,"서울특별시 강남구 영동대로 237 (대치동)"
83,언주역,일반,"서울특별시 강남구 봉은사로 222 (역삼동)"
84,강남역신분당역사,일반,"서울특별시 강남구 강남대로 396 (역삼동)"
85,삼성역,일반,"서울특별시 강남구 테헤란로 620 (대치동)"
86,테헤란로아남타워,일반,"서울특별시 강남구 테헤란로 311 (역삼동)"
87,강남논현,일반,"서울특별시 강남구 강남대로 512 (논현동)"
88,삼성동,일반,"서울특별시 강남구 영동대로96길 12 (삼성동)"
89,리저브도산,R,"서울특별시 강남구 선릉로155길 23 (신사동)"
90,압구정역사3번출구,일반,"서울특별시 강남구 논현로 854 (신사동)"
91,청담역,일반,"서울특별시 강남구 삼성로 709 (청담동)"
92,압구정현대아파트,일반,"서울특별시 강남구 논현로175길 38 (신사동)"
93,강남청담빌딩,일반,"서울특별시 강남구 선릉로 704 (청담동)"
94,역삼이마트,일반,"서울특별시 강남구 역삼로 310 (역삼동)"
95,케이스퀘어강남,일반,"서울특별시 강남구 강남대로94길 10 (역삼동)"
96,강남세곡DT,DT,"서울특별시 강남구 헌릉로 727 (세곡동)"
97,미아뉴타운,일반,"서울특별시 강북구 삼양로 161 (미아동)"
98,강북구청사거리,일반,"서울특별시 강북구 도봉로 365 (수유동)"
99,미아사거리역,일반,"서울특별시 강북구 도봉로 32 (미아동)"
100,수유역,일반,"서울특별시 강북구 도봉로 342 (번동)"
101,미아역,일반,"서울특별시 강북구 도봉로 196 (미아동)"
102,수유역5번출구,일반,"서울특별시 강북구 도봉로 315 (수유동, 에피소드 수유 838)"
103,파라스파라서울,일반,"서울특별시 강북구 삼양로 689 (우이동) 파라스파라서울 지하1층"
104,발산역사거리,일반,"서울특별시 강서구 공항대로 248 (마곡동)"
105,마곡역,일반,"서울특별시 강서구 공항대로 168 (마곡동)"
106,우장산역,일반,"서울특별시 강서구 강서로 267 (내발산동)"
107,마곡사이언스타워R,R,"서울특별시 강서구 마곡동로 62 (마곡동)"
108,방화DT,DT,"서울특별시 강서구 방화대로 375 (방화동)"
109,마곡나루역,일반,"서울특별시 강서구 마곡중앙로 161-17 (마곡동)"
110,마곡GMG,일반,"서울특별시 강서구 마곡중앙6로 16 (마곡동) 117,118,119,120호"
111,가양역,일반,"서울특별시 강서구 양천로 476 (등촌동)"
112,화곡DT,DT,"서울특별시 강서구 등촌로 57 (화곡동)"
113,양천향교역,일반,"서울특별시 강서구 강서로 463 (마곡동)"
114,화곡동,일반,"서울특별시 강서구 화곡로 142(화곡동)"
115,등촌,일반,"서울특별시 강서구 공항대로 329 (등촌동)"
116,염창역,일반,"서울특별시 강서구 공항대로 627 (염창동)"
117,발산역,일반,"서울특별시 강서구 강서로 388 (등촌동) 그랜드마트"
118,까치산역,일반,"서울특별시 강서구 강서로13길 3 (화곡동)"
119,염창대로,일반,"서울특별시 강서구 양천로 744 (염창동), 101호"
120,발산역5번출구,일반,"서울특별시 강서구 강서로52길 43 (내발산동, DH647), 1층 일부"
121,화곡역8번출구,일반,"서울특별시 강서구 강서로 179 (화곡동), 1층 일부"
122,강서우장산,일반,"서울특별시 강서구 강서로 231 (화곡동, 우장산역 해링턴 타워), 116/117/118/119/120호"
123,등촌대로,일반,"서울특별시 강서구 공항대로 543 (염창동, 센터스퀘어)"
124,마곡보타닉게이트,일반,"서울특별시 강서구 마곡동로 166 (마곡동) 106호,107호,108호"
125,가양역사거리,일반,"서울특별시 강서구 화곡로 416 (등촌동) 가양더스카이벨리5차 지식산업센터 101, 102, 114,~117호"
126,원그로브,일반,"서울특별시 강서구 공항대로 165 (마곡동)지하1층, WB115호"
127,내발산,일반,"서울특별시 강서구 강서로 323 (내발산동), 101/102호"
128,마곡웰튼,일반,"서울특별시 강서구 마곡중앙5로 22 (마곡동), 104/105/106호"
129,김포공항DT,DT,"서울특별시 강서구 개화동로 517 (방화동)"
130,강서NC,일반,"서울특별시 강서구 강서로56길 17 (등촌동)"
131,김포공항국제선,일반,"서울특별시 강서구 하늘길 38 (방화동)"
132,마곡케이스퀘어,일반,"서울특별시 강서구 마곡중앙로 105-7 (마곡동), 1층 일부"
133,마곡나루공원,일반,"서울특별시 강서구 마곡중앙5로 47 (마곡동)"
134,송정역,일반,"서울특별시 강서구 공항대로 38 (공항동), 1층 일부"
135,강서구청사거리,일반,"서울특별시 강서구 화곡로 350 (화곡동)"
136,낙성대역,일반,"서울특별시 관악구 남부순환로 1908 (봉천동)"
137,관악서울대입구R,R,"서울특별시 관악구 관악로 158 (봉천동)"
138,신림DT,DT,"서울특별시 관악구 남부순환로 1419 (신림동)"
139,서울대역,일반,"서울특별시 관악구 남부순환로 1817 (봉천동)"
140,낙성대DT,DT,"서울특별시 관악구 남부순환로 1948 (봉천동)"
141,사당,일반,"서울특별시 관악구 남부순환로 2082-25"
142,보라매대교,일반,"서울특별시 관악구 보라매로3길 23 (봉천동) 1층"
143,신림,일반,"서울특별시 관악구 신림로 355-1 (신림동)"
144,신림타임스트림,일반,"서울특별시 관악구 신림로 330 타임스트림 1층"
145,서울대입구역,일반,"서울특별시 관악구 남부순환로 1812 (봉천동)"
146,서울대입구역8번출구,일반,"서울특별시 관악구 남부순환로 1831 (봉천동)"
147,봉천역,일반,"서울특별시 관악구 남부순환로 1730 (봉천동)"
148,봉천현대시장,일반,"서울특별시 관악구 은천로 118 (봉천동), 1층 101~104호"
149,건국대,일반,"서울특별시 광진구 능동로 117 (화양동)"
150,어린이대공원역,일반,"서울특별시 광진구 능동로 243 (군자동)"
151,아차산역,일반,"서울특별시 광진구 천호대로 676 (구의동)"
152,올림픽대교북단,일반,"서울특별시 광진구 광나루로 608 (구의동)"
153,구의DT,DT,"서울특별시 광진구 광나루로 519 (구의동)"
154,자양사거리,일반,"서울특별시 광진구 아차산로 355"
155,군자역,일반,"서울특별시 광진구 천호대로 548 (군자동) 중앙빌딩"
156,광나루,일반,"서울특별시 광진구 아차산로 607, 1,2층 (광장동)"
157,건대스타시티,일반,"서울특별시 광진구 아차산로 262 (자양동)"
158,건대입구,일반,"서울특별시 광진구 능동로 107 (화양동)"
159,구의역,일반,"서울특별시 광진구 아차산로 373 (구의동)"
160,광장,일반,"서울특별시 광진구 아차산로 537-17 (광장동)"
161,건국클래식,일반,"서울특별시 광진구 능동로 90 (자양동) 더 클래식500"
162,건대후문,일반,"서울특별시 광진구 능동로 172 (화양동)"
163,중곡역,일반,"서울특별시 광진구 능동로 400 (중곡동) 1층 108,109,110,111,112,118 6개호실"
164,자양이마트,일반,"서울특별시 광진구 아차산로 272 (자양동) 지하1층"
165,자양역,일반,"서울특별시 광진구 능동로 18 (자양동, 이튼타워리버3차)"
166,화양삼거리,일반,"서울특별시 광진구 광나루로 374 (화양동)"
167,군자사거리,일반,"서울특별시 광진구 천호대로 549 (중곡동) 1층"
168,금천구청역,일반,"서울특별시 금천구 시흥대로73길 67 (시흥동), 엠메디컬타워 1층"
169,가산에스케이,일반,"서울특별시 금천구 가산디지털1로 171 (가산동), SK V1센터 1층"
170,독산사거리,일반,"서울특별시 금천구 시흥대로 426 (독산동)"
171,금천시흥,일반,"서울특별시 금천구 시흥대로 164 (시흥동)"
172,가산디지털단지역,일반,"서울특별시 금천구 벚꽃로 298 (가산동), 대륭포스트타워 6차 1층"
173,금천독산,일반,"서울특별시 금천구 두산로 70 (독산동)"
174,가산디지털,일반,"서울특별시 금천구 가산디지털1로 168 (가산동), 우림라이온스밸리 B동 1층"
175,마리오아울렛,일반,"서울특별시 금천구 벚꽃로 266 마리오아울렛3관"
176,가산브이타워,일반,"서울특별시 금천구 가산디지털1로 128 (가산동), V-TOWER 1층"
177,독산역,일반,"서울특별시 금천구 가산디지털1로 16 (가산동), 107-2, 1층"
178,가산퍼블릭,일반,"서울특별시 금천구 디지털로 178 (가산동), B동 F Park 1층"
179,가산현대아울렛,일반,"서울특별시 금천구 디지털로10길 9 (가산동), 1층 일부"
180,가산케이에스,일반,"서울특별시 금천구 벚꽃로36길 30 (가산동), 가산KS타워 1층"
181,가산어반워크,일반,"서울특별시 금천구 가산디지털2로 135 (가산동)"
182,월계역,일반,"서울특별시 노원구 초안산로2라길26 월계동(104,105,106호)"
183,월계트레이더스,일반,"서울특별시 노원구 마들로3길 17 (월계동)"
184,상계초교사거리,일반,"서울특별시 노원구 노원로 449 (상계동)"
185,공릉DT,DT,"서울특별시 노원구 동일로 1015 (공릉동)"
186,노원마들역,일반,"서울특별시 노원구 노원로 569 (상계동, 임광아파트)"
187,공릉역,일반,"서울특별시 노원구 동일로 1081 (공릉동)"
188,은행사거리,일반,"서울특별시 노원구 중계로 217, 중흥빌딩 103,203호 (중계동)"
189,노원KT,일반,"서울특별시 노원구 노해로 502, (주)KT 노원사옥 (상계동)"
190,광운대,일반,"서울특별시 노원구 석계로 104 (월계동)"
191,중계역,일반,"서울특별시 노원구 동일로 1339, 대한빌딩 (상계동)"
192,노원역,일반,"서울특별시 노원구 동일로 1413 (상계동) 1층"
193,월계이마트,일반,"서울특별시 노원구 마들로3길 15 (월계동)"
194,태릉입구역DT,DT,"서울특별시 노원구 화랑로 469 (공릉동)"
195,노원상계,일반,"서울특별시 노원구 동일로215길 2 (상계동)"
196,노원구청,일반,"서울특별시 노원구 노해로 447 (상계동)"
197,창동이마트,일반,"서울특별시 도봉구 노해로65길 4 (창동)"
198,쌍문역,일반,"서울특별시 도봉구 도봉로 480 (창동)"
199,도봉구청,일반,"서울특별시 도봉구 마들로 665 (도봉동)"
200,쌍문도봉로,일반,"서울특별시 도봉구 도봉로 444 (창동)"
201,도봉로DT,DT,"서울특별시 도봉구 도봉로 635 (쌍문동)"
202,방학역,일반,"서울특별시 도봉구 도봉로 684 (방학동)101,102,113,114,115호"
203,창동역,일반,"서울특별시 도봉구 마들로13길 61 (창동)"
204,노량진동,일반,"서울특별시 동작구 노량진로 190 (노량진동, 고려교육타워-어바니엘한강) 101호~105호"
205,남성역,일반,"서울특별시 동작구 사당로 219 (사당동)"
206,상도역,일반,"서울특별시 동작구 상도로37길 1 (상도1동)"
207,보라매공원R,R,"서울특별시 동작구 보라매로5길 35 (신대방동, 파크스퀘어,보라매현대APT)"
208,이수자이,일반,"서울특별시 동작구 사당로 300 (사당동 이수자이)"
209,노량진역,일반,"서울특별시 동작구 노량진로 134 (노량진동)"
210,신대방삼거리역,일반,"서울특별시 동작구 상도로 102 (상도동)"
211,중앙대,일반,"서울특별시 동작구 흑석로 75-1 (흑석동)"
212,숭실대입구역,일반,"서울특별시 동작구 상도로 354 (상도동)"
213,숭실대,일반,"서울특별시 동작구 사당로 4 (상도동)"
214,사당역,일반,"서울특별시 동작구 동작대로 21, 양지빌딩 1-3층 (사당동)"
215,상도대로,일반,"서울특별시 동작구 상도로 218 (상도동), 1층"
216,이수역13번출구,일반,"서울특별시 동작구 동작대로27길 5 (사당동), 1층"
217,서강대프라자,일반,"서울특별시 마포구 백범로 35 (신수동)"
218,상암YTN,일반,"서울특별시 마포구 상암산로 76 (상암동)"
219,마포용강동,일반,"서울특별시 마포구 토정로 295 (용강동)"
220,홍대입구역사거리R,R,"서울특별시 마포구 양화로 125 (서교동)"
221,마포경찰서후문,일반,"서울특별시 마포구 마포대로 173-14 (아현동)"
222,공덕,일반,"서울특별시 마포구 마포대로 130 (공덕동)"
223,합정폴리스R,R,"서울특별시 마포구 양화로 45 (서교동, 메세나폴리스)"
224,홍대공항철도역,일반,"서울특별시 마포구 양화로 178 (동교동)"
225,마포염리,일반,"서울특별시 마포구 독막로 311 (염리동)"
226,서강광흥창역,일반,"서울특별시 마포구 서강로 69 (창전동)"
227,합정,일반,"서울특별시 마포구 월드컵로1길 14 (합정동) 마포한강푸르지오 110, 111, 112-2"
228,서강대흥역,일반,"서울특별시 마포구 백범로 89-5 (대흥동)"
229,서교동사거리,일반,"서울특별시 마포구 양화로 105 (서교동)"
230,상암사보이시티,일반,"서울특별시 마포구 월드컵북로54길 17 (상암동)"
231,신촌오거리,일반,"서울특별시 마포구 신촌로16길 10 (노고산동)"
232,상암디지털큐브,일반,"서울특별시 마포구 상암산로 34"
233,상수역,일반,"서울특별시 마포구 독막로 88 (상수동)"
234,공덕오거리,일반,"서울특별시 마포구 마포대로 86 (도화동) 창강빌딩"
235,서강대,일반,"서울특별시 마포구 백범로 23 (신수동)"
236,상암MBC,일반,"서울특별시 마포구 성암로 267 (상암동)"
237,홍대역,일반,"서울특별시 마포구 양화로 165, 상진빌딩 1층 (동교동)"
238,동교,일반,"서울특별시 마포구 월드컵북로 22, 영준빌딩 1층 (동교동)"
239,애오개역,일반,"서울특별시 마포구 마포대로 201, 마포트라팰리스II (아현동)"
240,상암DMC,일반,"서울특별시 마포구 월드컵북로 375, DMC이안오피스텔1단지 102호,202호 (상암동)"
241,마포일진빌딩,일반,"서울특별시 마포구 마포대로 45, 일진빌딩 1층 (도화동)"
242,마포아크로,일반,"서울특별시 마포구 마포대로 68 (도화동) 마포아크로타워"
243,홍대삼거리,일반,"서울특별시 마포구 와우산로 64 (상수동)"
244,망원역,일반,"서울특별시 마포구 월드컵로 74 (서교동)"
245,마포이마트,일반,"서울특별시 마포구 백범로 212 (신공덕동) 마포이마트"
246,합정메세나몰,일반,"서울특별시 마포구 양화로 45 (서교동, 메세나폴리스)"
247,아현역대로,일반,"서울특별시 마포구 신촌로 262 (아현동)"
248,디지털미디어시티역,일반,"서울특별시 마포구 성암로 179 (상암동)"
249,홍대역8번출구,일반,"서울특별시 마포구 양화로 166 (동교동)"
250,합정푸르지오,일반,"서울특별시 마포구 월드컵로3길 14 (합정동, 마포 한강 2차 푸르지오)"
251,홍대동교,일반,"서울특별시 마포구 양화로 192 (동교동)"
252,망원한강공원,일반,"서울특별시 마포구 마포나루길 435 (망원동)"
253,마포구청역,일반,"서울특별시 마포구 월드컵로 200 (성산동) 1층 일부"
254,가재울뉴타운,일반,"서울특별시 서대문구 가재울미래로 2 (남가좌동, DMC파크뷰자이2단지별동상가1층)"
255,남가좌사거리,일반,"서울특별시 서대문구 거북골로 84 (남가좌동, DMC에코자이104동)"
256,신촌역,일반,"서울특별시 서대문구 신촌로 73 (창천동)"
257,아현역,일반,"서울특별시 서대문구 신촌로35길 10 (북아현동, e편한세상신촌 4단지)"
258,홍제역,일반,"서울특별시 서대문구 통일로 451 (홍제동)"
259,연세백양로,일반,"서울특별시 서대문구 연세로 50 (신촌동) 연세대학교"
260,연희DT,DT,"서울특별시 서대문구 연희로 144 (연희동)"
261,경기대,일반,"서울특별시 서대문구 충정로 53 (충정로2가)"
262,신촌,일반,"서울특별시 서대문구 연세로 10-1 (창천동)"
263,이대,일반,"서울특별시 서대문구 이화여대길 34 (대현동)"
264,연세종합관,일반,"서울특별시 서대문구 연세로 50, 연세세브란스 종합관 (신촌동)"
265,이대ECC,일반,"서울특별시 서대문구 이화여대길 52 (대현동) 이화여자대학교 B415호"
266,연대,일반,"서울특별시 서대문구 연세로 35 (창천동)"
267,충정로역,일반,"서울특별시 서대문구 충정로 23"
268,연대동문,일반,"서울특별시 서대문구 성산로 565 (대신동)"
269,신촌명물거리,일반,"서울특별시 서대문구 명물길 24, 1-5층 (창천동)"
270,충정타워,일반,"서울특별시 서대문구 서소문로 21, 충정타워빌딩 1층 (충정로3가)"
271,명지대,일반,"서울특별시 서대문구 거북골로 34 (남가좌동)"
272,이대역,일반,"서울특별시 서대문구 신촌로 183 (대현동)"
273,신촌로,일반,"서울특별시 서대문구 신촌로 109 (창천동)"
274,북가좌DT,DT,"서울특별시 서대문구 응암로 85 (북가좌동)"
275,현대신촌,일반,"서울특별시 서대문구 신촌로 83 (창천동)"
276,방배로,일반,"서울특별시 서초구 방배로 52 (방배동)"
277,강남교보타워R,R,"서울특별시 서초구 강남대로 465 (서초동)"
278,방배다이치빌딩,일반,"서울특별시 서초구 방배로 114 (방배동)"
279,센트럴F1,일반,"서울특별시 서초구 신반포로 176 (반포동)"
280,서초역이화빌딩,일반,"서울특별시 서초구 반포대로21길 3 (서초동)"
281,서초구청,일반,"서울특별시 서초구 남부순환로 2557 (서초동)"
282,서초우성사거리,일반,"서울특별시 서초구 강남대로 343 (서초동)"
283,이수역사거리,일반,"서울특별시 서초구 서초대로 3-4 (방배동, 방배디오슈페리움1)"
284,강남대로신사,일반,"서울특별시 서초구 강남대로 595 (잠원동)"
285,서울고속터미널,일반,"서울특별시 서초구 신반포로 194 (반포동)"
286,방배,일반,"서울특별시 서초구 방배로 211"
287,방배카페거리,일반,"서울특별시 서초구 방배중앙로 162 (방배동)"
288,서초법원,일반,"서울특별시 서초구 서초대로 274 (서초동)"
289,청계산입구역,일반,"서울특별시 서초구 청계산로 203 (신원동)"
290,사당로데오,일반,"서울특별시 서초구 방배천로 5-4(방배동)"
291,파미에파크R,R,"서울특별시 서초구 사평대로 205 (반포동) CENTRALCITY"
292,양재역,R,"서울특별시 서초구 강남대로 202 (양재동) 모산빌딩"
293,논현역,일반,"서울특별시 서초구 강남대로 557 (잠원동) 1~2층"
294,이수역,일반,"서울특별시 서초구 동작대로 112 (방배동)"
295,내방역,일반,"서울특별시 서초구 방배로 184 (방배동) 대풍빌딩"
296,서초파라곤,일반,"서울특별시 서초구 서초대로74길 29 (서초동) 서초파라곤"
297,서울아트센터,일반,"서울특별시 서초구 남부순환로 2395 (서초동) 호경빌딩"
298,서초중앙로,일반,"서울특별시 서초구 서초중앙로 225"
299,센트럴시티,일반,"서울특별시 서초구 신반포로 176 (반포동)"
300,방배역,일반,"서울특별시 서초구 방배로 84 (방배동)"
301,반포역,일반,"서울특별시 서초구 신반포로 257 (잠원동) 신반포11차상가"
302,남부터미널,일반,"서울특별시 서초구 서초중앙로 26, 래미안서초유니빌 1층 101호 (서초동)"
303,뉴코아강남,일반,"서울특별시 서초구 잠원로 69 (잠원동) 킴스클럽"
304,강남서초초교,일반,"서울특별시 서초구 서초대로77길 27, 유빌딩 1,2층 (서초동)"
305,교대,일반,"서울특별시 서초구 서초중앙로 118 (서초동)"
306,하이브랜드,일반,"서울특별시 서초구 매헌로 16, 리빙관 101호 (양재동)"
307,영동2교,일반,"서울특별시 서초구 논현로 139, 대흥빌딩 (양재동)"
308,남부터미널역5번출구,일반,"서울특별시 서초구 효령로 274 (서초동)"
309,서래마을입구,일반,"서울특별시 서초구 서래로 48 (반포동)"
310,몬테소리,일반,"서울특별시 서초구 강남대로 399 (서초동)"
311,서초역,일반,"서울특별시 서초구 반포대로 118 (서초동)"
312,교대법원,일반,"서울특별시 서초구 서초중앙로 164 (서초동)"
313,강남GT타워,일반,"서울특별시 서초구 서초대로 411, GT타워 (서초동)"
314,서초동,일반,"서울특별시 서초구 남부순환로339길 64, 현우빌딩 1층 (서초동)"
315,서울교대,일반,"서울특별시 서초구 서초중앙로 64, 1층 (서초동)"
316,강남에비뉴,일반,"서울특별시 서초구 서초대로77길 62, 강남역아이파크 B102~B105 (서초동)"
317,반포자이,일반,"서울특별시 서초구 잠원로 24 (반포동)"
318,서초태우빌딩,일반,"서울특별시 서초구 강남대로 285 (서초동)"
319,교대역3번출구,일반,"서울특별시 서초구 서초중앙로24길 10 (서초동)"
320,반포원베일리,일반,"서울특별시 서초구 반포대로 291 (반포동)"
321,양재역신분당역사,일반,"서울특별시 서초구 남부순환로 2585 신분당선 양재역 지하1층"
322,강남역우송빌딩,일반,"서울특별시 서초구 서초대로73길 7 (서초동)"
323,남부순환로방배DT,DT,"서울특별시 서초구 남부순환로 2230 (방배동)"
324,서이초교사거리,일반,"서울특별시 서초구 사임당로 143 (서초동)"
325,서울웨이브아트센터,일반,"서울특별시 서초구 잠원로 145-35 (잠원동)"
326,강남삼성타운,일반,"서울특별시 서초구 서초대로78길 24 (서초동)"
327,신논현역,일반,"서울특별시 서초구 강남대로 483 (반포동) 청호빌딩"
328,길음역,일반,"서울특별시 성북구 정릉로 376 (돈암동)"
329,미아이마트,일반,"서울특별시 성북구 도봉로 17 (길음동)"
330,종암DT,DT,"서울특별시 성북구 종암로 17 (종암동)"
331,미아,일반,"서울특별시 성북구 동소문로 314 (하월곡동)"
332,성신여대정문,일반,"서울특별시 성북구 보문로34길 62 (동선동2가)"
333,종암,일반,"서울특별시 성북구 종암로 122 (종암동)"
334,삼선교,일반,"서울특별시 성북구 동소문로 10 (동소문동2가)"
335,월곡역,일반,"서울특별시 성북구 화랑로 76, 101-1호 (하월곡동)"
336,고대,일반,"서울특별시 성북구 고려대로24길 51 (안암동5가)"
337,현대미아,일반,"서울특별시 성북구 동소문로 315 (길음동) 지하1층"
338,성신여대,일반,"서울특별시 성북구 동소문로24길 12 (동선동1가)"
339,안암역,일반,"서울특별시 성북구 고려대로 102-2 (안암동5가)"
340,한성대입구역,일반,"서울특별시 성북구 성북로 11 (성북동1가)"
341,길음뉴타운,일반,"서울특별시 성북구 길음로 11 (길음동, 길음역롯데캐슬트윈골드아파트)"
342,고대안암병원,일반,"서울특별시 성북구 고려대로 73 (안암동5가)"
343,장위뉴타운,일반,"서울특별시 성북구 장월로38길 4 (장위동)"
344,성신여대입구역,일반,"서울특별시 성북구 동소문로 105 (동선동4가)"
345,송파나루역DT,DT,"서울특별시 송파구 오금로 142 (송파동)"
346,송파헬리오시티,일반,"서울특별시 송파구 송파대로 345 (가락동, 헬리오시티)"
347,잠실시그마타워,일반,"서울특별시 송파구 올림픽로 289 (신천동)"
348,문정법원로R,R,"서울특별시 송파구 송파대로 201 (문정동)"
349,송파개롱역,일반,"서울특별시 송파구 오금로 420 (가락동)"
350,문정하비오,일반,"서울특별시 송파구 송파대로 111 (문정동, 파크하비오) 204동 104호~107호"
351,문정역,일반,"서울특별시 송파구 송파대로 167 (문정동)테라타워 B동 137호~139호,204호"
352,잠실대교남단R,R,"서울특별시 송파구 송파대로 570 타워 730 1층"
353,송파위례,일반,"서울특별시 송파구 위례광장로 230 (장지동, 위례2차아이파크)"
354,송파방이DT,DT,"서울특별시 송파구 오금로 241 (방이동)"
355,올림픽평화의문,일반,"서울특별시 송파구 위례성대로 38 (방이동) 해태그린피아빌라트"
356,송파아이파크,일반,"서울특별시 송파구 법원로 55 (문정동)"
357,송파사거리,일반,"서울특별시 송파구 송파대로 386 (송파동)"
358,석촌서호,일반,"서울특별시 송파구 석촌호수로 176 (삼전동)"
359,문정로데오,일반,"서울특별시 송파구 동남로 141 (가락동)"
360,올림픽훼미리,일반,"서울특별시 송파구 중대로 68 (문정동)"
361,올림픽공원남문,일반,"서울특별시 송파구 위례성대로 102 (방이동)"
362,방이역,일반,"서울특별시 송파구 마천로 53, 1~2층 (오금동)"
363,석촌호수,일반,"서울특별시 송파구 석촌호수로 262 (송파동)"
364,잠실푸르지오월드,일반,"서울특별시 송파구 올림픽로35가길 9, 잠실푸르지오월드마크 1층 (신천동)"
365,잠실새내역,일반,"서울특별시 송파구 올림픽로 96 (잠실동)"
366,잠실역,일반,"서울특별시 송파구 송파대로 562 (신천동, 웰리스타워,삼성웰리스아파트) 1층,2층"
367,갤러리아팰리스,일반,"서울특별시 송파구 올림픽로 212, 갤러리아 팰리스 (잠실동)"
368,아시아선수촌,일반,"서울특별시 송파구 백제고분로 69 (잠실동)"
369,올림픽아파트,일반,"서울특별시 송파구 양재대로 1220 (방이동)"
370,가락본동,일반,"서울특별시 송파구 송파대로30길 13 (가락동)"
371,석촌역,일반,"서울특별시 송파구 백제고분로 358, 1층 (석촌동)"
372,가락시장역,일반,"서울특별시 송파구 중대로 121, 롯데캐슬 파인힐 1층 (가락동)"
373,가든파이브,일반,"서울특별시 송파구 충민로 10 (문정동) 가든파이브툴"
374,문정역2번출구,일반,"서울특별시 송파구 문정로 1 (문정동)"
375,잠실본동,일반,"서울특별시 송파구 백제고분로 91 (잠실동), 1층"
376,송파NC,일반,"서울특별시 송파구 충민로 66 (문정동) 가든파이브라이프 패션관1층"
377,송파거여역,일반,"서울특별시 송파구 오금로 493 (거여동)"
378,몽촌토성역,일반,"서울특별시 송파구 위례성대로 6 (방이동)"
379,송파KT,일반,"서울특별시 송파구 잠실로 209 (신천동), 오피스빌딩 1층 2~4호"
380,문정법조타운 한양타워,일반,"서울특별시 송파구 법원로11길 12 (문정동)"
381,송파마천사거리DT,DT,"서울특별시 송파구 거마로 78 (마천동)"
382,목동파리공원,일반,"서울특별시 양천구 목동동로 377 (목동)"
383,등촌역,일반,"서울특별시 양천구 공항대로 566 (목동) 1층 2층"
384,목동행복한,일반,"서울특별시 양천구 목동동로 309 (목동)"
385,신정DT,DT,"서울특별시 양천구 신월로 341 (신정동)"
386,목동역,일반,"서울특별시 양천구 목동로 203 (신정동) 1층일부"
387,목동오목로,일반,"서울특별시 양천구 오목로 279 (목동) 102,103,104,105호"
388,목동8단지,일반,"서울특별시 양천구 목동서로 299 (신정동)"
389,오목교역,일반,"서울특별시 양천구 오목로 354 (목동)"
390,신월IC DT,DT,"서울특별시 양천구 남부순환로 430 (신월동)"
391,목동7단지,일반,"서울특별시 양천구 목동서로 213 (목동) 세신비젼프라자"
392,목동5단지,일반,"서울특별시 양천구 목동동로 411, 1동 116호(목동, 부영그린타운3차)"
393,목동,일반,"서울특별시 양천구 목동서로 67 (목동) 우성에펠타운"
394,현대목동,일반,"서울특별시 양천구 목동동로 257 (목동, 현대하이페리온) 지하2층"
395,목동SBS,일반,"서울특별시 양천구 목동서로 161 (목동), 101호, 201호"
396,목동트라팰리스,일반,"서울특별시 양천구 오목로 299 (목동)"
397,목동10단지,일반,"서울특별시 양천구 목동서로 401 (신정동, 대림아크로빌), 상가A동 101,101-1호"
398,신월동DT,DT,"서울특별시 양천구 남부순환로 319 (신월동)"
399,타임스퀘어R,R,"서울특별시 영등포구 영중로 15 지하 1층 (영등포동4가)"
400,샛강역,일반,"서울특별시 영등포구 여의대방로 376 (여의도동)"
401,영등포역,일반,"서울특별시 영등포구 경인로 870 (영등포동1가)"
402,당산대로,일반,"서울특별시 영등포구 양평로 22 (당산동6가)"
403,여의도IFC몰(L1)R,R,"서울특별시 영등포구 국제금융로 10 (여의도동) 지하1층 178호"
404,여의도KBS R,R,"서울특별시 영등포구 의사당대로 26 (여의도동)"
405,여의도화재보험,일반,"서울특별시 영등포구 국제금융로6길 38 (여의도동)"
406,국회대로,일반,"서울특별시 영등포구 국회대로 786 (여의도동)"
407,영등포KT,일반,"서울특별시 영등포구 영중로 119 (영등포동8가)"
408,여의도공원R,R,"서울특별시 영등포구 여의공원로 101 (여의도동)"
409,국회의사당역,일반,"서울특별시 영등포구 의사당대로 8 (여의도동)"
410,여의도역R,R,"서울특별시 영등포구 의사당대로 83 (여의도동) 1층"
411,선유동이레빌딩,일반,"서울특별시 영등포구 선유동2로 57 (양평제1동) 이레빌딩"
412,동여의도,일반,"서울특별시 영등포구 국제금융로 86 (여의도동) 롯데캐슬 아이비"
413,여의도ABL타워,일반,"서울특별시 영등포구 의사당대로 147 (여의도동) 알리안츠타워"
414,영등포신길,일반,"서울특별시 영등포구 신길로 137 (신길동) 1,2층"
415,문래역,일반,"서울특별시 영등포구 당산로 34 (문래동3가)"
416,당산,일반,"서울특별시 영등포구 양평로 64 (당산동6가)"
417,여의도한양증권,일반,"서울특별시 영등포구 국제금융로6길 7 (여의도동) 한양증권"
418,여의도일신,일반,"서울특별시 영등포구 은행로 11 (여의도동) 1층 1부"
419,하이테크시티,일반,"서울특별시 영등포구 경인로 775 (문래동3가) 에이스하이테크시티"
420,여의도,일반,"서울특별시 영등포구 국제금융로2길 28 (여의도동)"
421,롯데캐슬여의도,일반,"서울특별시 영등포구 의사당대로 127 (여의도동, 롯데캐슬엠파이어) 1층 104호"
422,문래동,일반,"서울특별시 영등포구 선유로 64, 대창타운빌 1층 (문래동3가)"
423,여의도호성,일반,"서울특별시 영등포구 여의대방로65길 24, 호성빌딩 1층 (여의도동)"
424,타임스퀘어B2,일반,"서울특별시 영등포구 영중로 15, 지하2층 (영등포동4가)"
425,영등포본동,일반,"서울특별시 영등포구 영등포로 254 (영등포동3가)"
426,타임스퀘어2F,일반,"서울특별시 영등포구 영중로 15 지상2층 (영등포동4가)"
427,여의도의사당,일반,"서울특별시 영등포구 국회대로74길 12 (여의도동)"
428,여의도IFC(1F),일반,"서울특별시 영등포구 국제금융로 10 (여의도동)"
429,여의도교직원공제회,일반,"서울특별시 영등포구 여의나루로 50 (여의도동)"
430,선유도역 1번출구,일반,"서울특별시 영등포구 양평로 128 (양평동5가)양평로 128"
431,영등포시장역,일반,"서울특별시 영등포구 영중로 79 (영등포동7가)"
432,영등포구청역,일반,"서울특별시 영등포구 국회대로 558"
433,서울양평역,일반,"서울특별시 영등포구 선유서로24길 6 (양평동1가, 영등포 중흥 S-CLASS)"
434,영등포시장교차로,일반,"서울특별시 영등포구 영중로 45 (영등포동6가)"
435,더현대서울(B2)R,R,"서울특별시 영등포구 여의대로 108 (여의도동)"
436,여의도브라이튼,일반,"서울특별시 영등포구 국제금융로 39 (여의도동, 브라이튼 여의도), 1층"
437,여의도TP타워,일반,"서울특별시 영등포구 의사당대로 96 (여의도동)"
438,당산역사거리,일반,"서울특별시 영등포구 양평로 47 (당산동5가)"
439,신풍역,일반,"서울특별시 영등포구 신풍로 23 (신길동)"
440,불광역,일반,"서울특별시 은평구 통일로 715 (대조동)"
441,구파발사거리,일반,"서울특별시 은평구 진관3로 21 은평엘크루 101동 105-108호"
442,연신내역사거리,일반,"서울특별시 은평구 통일로 842 (불광동)"
443,연신내,일반,"서울특별시 은평구 통일로 867 (갈현동)"
444,구파발역,일반,"서울특별시 은평구 진관2로 12"
445,은평구청입구,일반,"서울특별시 은평구 은평로 170 (응암동)"
446,은평이마트,일반,"서울특별시 은평구 은평로 111 (응암동)"
447,구산역,일반,"서울특별시 은평구 연서로 146 (대조동)"
448,불광역8번출구,일반,"서울특별시 은평구 통일로 746 (불광동)"
449,응암역2번출구,일반,"서울특별시 은평구 연서로 17 (역촌동)"
450,수색,일반,"서울특별시 은평구 수색로 216 (수색동)"
451,새절역,일반,"서울특별시 은평구 증산로 371 (신사동)"
452,더북한산,일반,"서울특별시 은평구 대서문길 24-11 (진관동)"
453,녹번역,일반,"서울특별시 은평구 통일로 636 (녹번동) 110,111,112,113,114,115호"
454,진관DT,DT,"서울특별시 은평구 연서로 645 (진관동)"
455,연신내역5번출구,일반,"서울특별시 은평구 연서로 222 (대조동), 1층"
456,연합뉴스,일반,"서울특별시 종로구 율곡로2길 25 (수송동)"
457,혜화역,일반,"서울특별시 종로구 대학로12길 4 (동숭동)1~2층"
458,경희궁로,일반,"서울특별시 종로구 새문안로3길 15 (당주동)"
459,강북삼성병원,일반,"서울특별시 종로구 새문안로 29 (평동) C관 5층"
460,종로평창동,일반,"서울특별시 종로구 평창12길 3 (평창동)"
461,광화문우체국,일반,"서울특별시 종로구 종로 6 (서린동)"
462,종로R,R,"서울특별시 종로구 종로 51 (종로2가)"
463,독립문역,일반,"서울특별시 종로구 송월길 155 경희궁자이 4단지 1층 팰리스애비뉴 4114~4119호"
464,정부서울청사R,R,"서울특별시 종로구 새문안로5가길 28 (적선동)"
465,종로구청,일반,"서울특별시 종로구 삼봉로 71 (수송동)"
466,북촌로,일반,"서울특별시 종로구 북촌로4길 23 (계동)"
467,종로수송,일반,"서울특별시 종로구 종로5길 30 (청진동) 1~3층"
468,새문안로,일반,"서울특별시 종로구 새문안로 92 (신문로1가) 광화문오피시아빌딩"
469,안국,일반,"서울특별시 종로구 북촌로 5-1 (재동)"
470,삼청동,일반,"서울특별시 종로구 삼청로 111-1 (삼청동)"
471,광화문D타워,일반,"서울특별시 종로구 종로3길 17 (청진동) D타워"
472,적선,일반,"서울특별시 종로구 새문안로5길 55, 노스게이트빌딩 1층 (적선동)"
473,인사,일반,"서울특별시 종로구 인사동길 14 (인사동)"
474,광화문,일반,"서울특별시 종로구 세종대로 167 (세종로)"
475,성대입구,일반,"서울특별시 종로구 창경궁로 235 (명륜3가)"
476,스페이스본,일반,"서울특별시 종로구 사직로8길 4 (사직동) 광화문 풍림스페이스본"
477,주얼리시티,일반,"서울특별시 종로구 종로 183 (인의동) 효성주얼리시티"
478,종각,일반,"서울특별시 종로구 종로 64 (종로2가)"
479,동숭로아트,일반,"서울특별시 종로구 동숭길 110 (동숭동)"
480,종로관철,일반,"서울특별시 종로구 종로12길 21, 2층 (관철동)"
481,경복궁역,일반,"서울특별시 종로구 자하문로4길 6, 1층 (통의동)"
482,이마빌딩,일반,"서울특별시 종로구 종로1길 42 (수송동)"
483,마로니에공원,일반,"서울특별시 종로구 대학로 116, 1-2층 (동숭동)"
484,종로3가,일반,"서울특별시 종로구 종로 113-1, 1-4층 (종로3가)"
485,대학로,일반,"서울특별시 종로구 대학로 57, 홍익대학교 대학로캠퍼스 內 (연건동)"
486,경복궁사거리,일반,"서울특별시 종로구 율곡로 6, B동 101호(중학동, 트윈트리타워)"
487,종로관수,일반,"서울특별시 종로구 삼일대로20길 13 (관수동)"
488,광화문교보문고,일반,"서울특별시 종로구 종로 1 (종로1가)"
489,광장마켓,일반,"서울특별시 종로구 창경궁로 88 (예지동)"
490,정동,일반,"서울특별시 종로구 새문안로 42 (신문로2가)"
491,종로플레이스,일반,"서울특별시 종로구 창경궁로 120 (인의동)"
492,강북삼성병원1층,일반,"서울특별시 종로구 새문안로 29 (평동) A관 1층"
493,동숭길입구,일반,"서울특별시 종로구 대학로 146 (혜화동)"
494,서울대치과병원,일반,"서울특별시 종로구 대학로 101 서울대학교 치과병원 신관1층"
495,서대문적십자,일반,"서울특별시 종로구 새문안로 9 (평동) 서울적십자병원 별관 상가동 1층 B호"
496,서대문역,일반,"서울특별시 종로구 통일로 134 (평동)"
497,숭례문북창,일반,"서울특별시 중구 세종대로12길 12 (남대문로4가)"
498,을지로4가역,일반,"서울특별시 중구 을지로 170 (을지로4가)"
499,동대문두타,일반,"서울특별시 중구 장충단로 275 (을지로6가)"
500,대한상공회의소R,R,"서울특별시 중구 세종대로 39 (남대문로4가) 1층"
501,국립중앙의료원,일반,"서울특별시 중구 을지로 251 (을지로6가)"
502,동국대,일반,"서울특별시 중구 서애로 1길 11"
503,동대문공원,일반,"서울특별시 중구 장충단로 229 (광희동1가)"
504,을지로국제빌딩,일반,"서울특별시 중구 남대문로 109 (다동)"
505,동대입구역,일반,"서울특별시 중구 장충단로 166 (장충동1가)"
506,신당역사거리,일반,"서울특별시 중구 다산로 258 (흥인동)"
507,연세세브란스,일반,"서울특별시 중구 통일로 10 (남대문로5가)"
508,회현역,일반,"서울특별시 중구 퇴계로 72 (회현동) 리더스뷰남산"
509,을지로경기빌딩,일반,"서울특별시 중구 남대문로10길 9 (삼각동) 경기빌딩"
510,을지로2가,일반,"서울특별시 중구 삼일대로 358 (을지로2가)"
511,신세계본점6F,일반,"서울특별시 중구 퇴계로 77 (충무로1가)"
512,서울중앙우체국,일반,"서울특별시 중구 소공로 70 (충무로 1가) 서울 중앙 우체국"
513,한국프레스센터,일반,"서울특별시 중구 세종대로 124 (태평로1가)"
514,명동중앙로,일반,"서울특별시 중구 명동길 60 (명동 2가)"
515,약수역,일반,"서울특별시 중구 다산로 129 (신당동)"
516,중구저동,일반,"서울특별시 중구 수표로 34 (저동2가)"
517,명동길,일반,"서울특별시 중구 명동10길 41"
518,서소문로,일반,"서울특별시 중구 서소문로 120 (서소문동) 대한빌딩"
519,신당역,일반,"서울특별시 중구 퇴계로 385, 1층 (흥인동)"
520,명동메트로,일반,"서울특별시 중구 명동9가길 14 (을지로1가) 메트로호텔"
521,숭례문,일반,"서울특별시 중구 세종대로 17, 그레이츠 숭례 1층 (남대문로5가)"
522,순화동더샵,일반,"서울특별시 중구 칠패로 27, 1층 (순화동)"
523,환구단,일반,"서울특별시 중구 소공로 112 (소공동)"
524,무교동,일반,"서울특별시 중구 무교로 21 (무교동) 코오롱빌딩 1층"
525,문화일보,일반,"서울특별시 중구 새문안로 22 (충정로1가) 문화일보"
526,태평로,일반,"서울특별시 중구 세종대로 72, 대영빌딩 1층 (태평로2가)"
527,퍼시픽타워,일반,"서울특별시 중구 세종대로9길 41, 퍼시픽타워 1층 (서소문동)"
528,남산단암,일반,"서울특별시 중구 소월로 10, 단암빌딩 (남대문로5가)"
529,황학캐슬,일반,"서울특별시 중구 청계천로 400 (황학동) 롯데캐슬베네치아"
530,을지로삼화타워,일반,"서울특별시 중구 을지로5길 16 (을지로2가) 1층"
531,소공로,일반,"서울특별시 중구 남대문로7길 19, 삼영빌딩 1층 일부 (소공동)"
532,을지로한국빌딩,일반,"서울특별시 중구 을지로 50, 1층 (을지로 2가)"
533,시청,일반,"서울특별시 중구 을지로 19, 삼성화재삼성빌딩 1층 (을지로1가)"
534,명동역,일반,"서울특별시 중구 퇴계로 101, 건물 전체 (충무로 1가)"
535,장충라운지R,R,"서울특별시 중구 장충단로4길 25 (장충동1가)"
536,충무로,일반,"서울특별시 중구 충무로 3 (필동1가)"
537,이마트타워,일반,"서울특별시 중구 세종대로7길 37 (순화동) 1층"
538,동호로,일반,"서울특별시 중구 동호로 171 (신당동)"
539,무교로,일반,"서울특별시 중구 무교로 15 (무교동)"
540,청계크리스탈스퀘어,일반,"서울특별시 중구 청계천로 106 (수표동)"
541,숭례문SG타워,일반,"서울특별시 중구 세종대로 14 (남대문로5가)"
542,세종대로,일반,"서울특별시 중구 세종대로 135-5 (태평로1가)"
543,동대문디자인플라자,일반,"서울특별시 중구 을지로 281 (을지로7가) 디자인장터"
544,별다방,R,"서울특별시 중구 퇴계로 100 (회현동2가)"
545,포포인츠명동,일반,"서울특별시 중구 삼일대로10길 36 (저동2가)"
546,명동남산,일반,"서울특별시 중구 퇴계로 132 (남산동3가)"
547,명일역,일반,"서울특별시 강동구 양재대로 1647 (명일동)"
548,강동구청DT,DT,"서울특별시 강동구 성내로 32 (성내동)"
549,강동암사DT,DT,"서울특별시 강동구 고덕로 43 (암사동)"
550,굽은다리역,일반,"서울특별시 강동구 양재대로 1568 (명일동, 원일타워)"
551,강동역,일반,"서울특별시 강동구 천호대로 1089 (천호동, 강동 헤르셔)"
552,둔촌동,일반,"서울특별시 강동구 양재대로 1303 (성내동) 평원빌딩"
553,천호로데오,R,"서울특별시 강동구 천호대로 1037 (천호동)"
554,천호이마트,일반,"서울특별시 강동구 천호대로 1015-14 (천호동) 이마트별관"
555,길동역,일반,"서울특별시 강동구 양재대로 1487 (길동)"
556,상일동,일반,"서울특별시 강동구 상일로10길 36, 1~2층 (상일동)"
557,명일이마트,일반,"서울특별시 강동구 동남로75길 5 (명일동) 명일이마트별관주차장"
558,상일동역,일반,"서울특별시 강동구 고덕로 399 (고덕동, 고덕센트럴푸르지오)"
559,천호사거리,일반,"서울특별시 강동구 올림픽로 651 (천호동)"
560,강일역,일반,"서울특별시 강동구 고덕로 429 (강일동), 1층"
561,올림픽공원북2문,일반,"서울특별시 강동구 강동대로 199 (성내동)"
562,암사역,일반,"서울특별시 강동구 올림픽로 786 (암사동)"
563,이케아강동,일반,"서울특별시 강동구 고덕비즈밸리로 51 (고덕동)"
564,강동강일,일반,"서울특별시 강동구 아리수로93나길 54 (강일동)"
565,천호대로길동,일반,"서울특별시 강동구 천호대로 1131 거산 유팰리스"
566,천호역,일반,"서울특별시 강동구 천호대로 1012, 태승빌딩 (성내동)"
567,구로디지털타워,일반,"서울특별시 구로구 디지털로32길 30 (구로동)"
568,오류동역,일반,"서울특별시 구로구 경인로 216 (오류동)"
569,구로디지털로,일반,"서울특별시 구로구 디지털로33길 11, 에이스테크노8차 1층 (구로동)"
570,구로에이스,일반,"서울특별시 구로구 디지털로 285, 에이스트윈타워1차 103호 (구로동)"
571,구로하이엔드,일반,"서울특별시 구로구 디지털로26길 5, 에이스하이엔드타워1차 103호 (구로동)"
572,구로호텔,일반,"서울특별시 구로구 디지털로32길 72, 구로호텔 1층 (구로동)"
573,구로고척,일반,"서울특별시 구로구 경인로 387 (고척동)"
574,구로NC,일반,"서울특별시 구로구 구로중앙로 152 (구로동) 구로NC"
575,구로오류DT,DT,"서울특별시 구로구 서해안로 2233 (오류동)"
576,구로구청,일반,"서울특별시 구로구 가마산로 232 (구로동, 스페스큐브), B101호"
577,고척아이파크,일반,"서울특별시 구로구 경인로43길 49 (고척동, 고척아이파크), 1층 D-101호"
578,신도림힐스테이트,일반,"서울특별시 구로구 경인로 625 (신도림동)"
579,현대디큐브2F,일반,"서울특별시 구로구 경인로 662 (신도림동)"
580,현대디큐브B2,일반,"서울특별시 구로구 경인로 662 (신도림동)"
581,답십리역,일반,"서울특별시 동대문구 천호대로 263 (답십리동)"
582,경희대삼거리,일반,"서울특별시 동대문구 회기로 141 (회기동)"
583,외대정문,일반,"서울특별시 동대문구 이문로 93 (이문동)"
584,신설동역,일반,"서울특별시 동대문구 왕산로 19 (신설동)"
585,회기역사거리,일반,"서울특별시 동대문구 이문로 37 (회기동)"
586,장한평역,일반,"서울특별시 동대문구 장한로 10 (장안동)"
587,경희대,일반,"서울특별시 동대문구 경희대로 16-1 (회기동)"
588,청량리역롯데캐슬스카이,일반,"서울특별시 동대문구 답십리로 27 (전농동, 청량리역 롯데캐슬 SKY-L65)"
589,경희의료원,일반,"서울특별시 동대문구 경희대로 23 (회기동)"
590,경동1960,일반,"서울특별시 동대문구 고산자로36길 3 (제기동)"
591,사이버한국외대,일반,"서울특별시 동대문구 휘경로 6 (이문동)"
592,청량리역사,일반,"서울특별시 동대문구 왕산로 214 (전농동) 청량리역사 Connect Place6층"
593,답십리초교사거리,일반,"서울특별시 동대문구 전농로 38 (답십리동)"
594,장안사거리,일반,"서울특별시 동대문구 답십리로 267 (장안동)"
595,서울숲역,일반,"서울특별시 성동구 왕십리로 50 (성수동1가) 1층"
596,금호역,일반,"서울특별시 성동구 동호로 99 (금호동4가)"
597,뚝섬역,일반,"서울특별시 성동구 아차산로 42 (성수동1가)"
598,황학사거리,일반,"서울특별시 성동구 왕십리로 410 (하왕십리동, 센트라스)"
599,성수역,일반,"서울특별시 성동구 성수이로 94 (성수동2가)"
600,상왕십리역,일반,"서울특별시 성동구 왕십리로 382 (하왕십리동)"
601,왕십리역,일반,"서울특별시 성동구 왕십리로 326 (도선동)"
602,한양대,일반,"서울특별시 성동구 왕십리로 225 (행당동) 1,2층"
603,엔터식스,일반,"서울특별시 성동구 왕십리광장로 17 (행당동)"
604,신금호역,일반,"서울특별시 성동구 금호로 158-1 (금호동1가) 1~5층 전체"
605,뚝섬역교차로,일반,"서울특별시 성동구 아차산로 6 (성수동1가)"
606,왕십리역9번출구,일반,"서울특별시 성동구 고산자로 234 (행당동)"
607,성수,일반,"서울특별시 성동구 아차산로 104 (성수동2가)"
608,옥수,일반,"서울특별시 성동구 독서당로 202 (옥수동)"
609,성수낙낙,일반,"서울특별시 성동구 광나루로8길 31 (성수동2가) 성수낙낙 1층 101~107호"
610,효창공원앞역,일반,"서울특별시 용산구 백범로 313 (효창동, 용산 롯데캐슬 센터포레)"
611,서울역서부,일반,"서울특별시 용산구 만리재로 202 (서계동)"
612,이태원역,일반,"서울특별시 용산구 이태원로 188 (이태원동)"
613,한강진역R,R,"서울특별시 용산구 이태원로 252 (한남동)"
614,용산역써밋R,R,"서울특별시 용산구 한강대로 69 (한강로2가, 용산푸르지오써밋)"
615,이촌,일반,"서울특별시 용산구 이촌로 276 (이촌동)"
616,신용산역,일반,"서울특별시 용산구 한강대로 95 (한강로2가, 래미안용산)"
617,용산파크타워,일반,"서울특별시 용산구 서빙고로 67 (용산동5가, 파크타워)"
618,남영동,일반,"서울특별시 용산구 한강대로 275 (갈월동)"
619,한남동R,R,"서울특별시 용산구 독서당로 94 (한남동)"
620,서울타워,일반,"서울특별시 용산구 남산공원길 105 (용산동2가) YTN서울타워 1층"
621,서울역동자동,일반,"서울특별시 용산구 한강대로 372 (동자동)"
622,순천향입구,일반,"서울특별시 용산구 대사관로 67 (한남동)"
623,동빙고,일반,"서울특별시 용산구 장문로 12 (동빙고동)"
624,숙대입구역,일반,"서울특별시 용산구 한강대로 291 (갈월동)"
625,용산아이파크몰6F,일반,"서울특별시 용산구 한강대로23길 55"
626,동부이촌동,일반,"서울특별시 용산구 이촌로 198 (이촌동)"
627,숙명여대정문,일반,"서울특별시 용산구 청파로47길 100 (청파동2가) 프라임관B1F(로비층)"
628,용산해링턴스퀘어,일반,"서울특별시 용산구 서빙고로 17 (한강로3가)"
629,경리단길,일반,"서울특별시 용산구 회나무로 3 (이태원동)"
630,서울역사,일반,"서울특별시 용산구 한강대로 405 (동자동) 신-101호"
631,용산리첸시아,일반,"서울특별시 용산구 백범로 341 (원효로1가, 리첸시아 용산)"
632,용산전자랜드,일반,"서울특별시 용산구 청파로 74 (한강로3가)"
633,용산이마트,일반,"서울특별시 용산구 한강대로23길 55 (한강로3가) 용산이마트 지하 2층"
634,용산아이파크몰1F,일반,"서울특별시 용산구 한강대로23길 55 1층 (한강로3가)"
635,상봉,일반,"서울특별시 중랑구 상봉로 131 (상봉동, 상봉 듀오트리스 주상복합)"
636,중랑역,일반,"서울특별시 중랑구 망우로30길 3 (상봉동)"
637,중랑구청,일반,"서울특별시 중랑구 신내로 72"
638,사가정역,일반,"서울특별시 중랑구 면목로 310"
639,상봉역,일반,"서울특별시 중랑구 망우로 307 (상봉동)"
640,묵동,일반,"서울특별시 중랑구 동일로 952 (묵동, 로프트원 태릉입구역) 1층"
641,망우동,일반,"서울특별시 중랑구 망우로 407 (망우동)"
642,양원역,일반,"서울특별시 중랑구 양원역로10길 3 (망우동)"
643,중화역,일반,"서울특별시 중랑구 봉화산로 35 1층"
